"htgawm","766"
"wes","195"
"just","82"
"ajanaomiking","81"
"restingplatypus","78"
"know","74"
"howtogetawayabc","69"
"get","66"
"sheet","58"
"eduaubdedubufeduaubcedubfubc","56"
"love","53"
"mobsquad","890"
"rams","562"
"goff","437"
"jared","435"
"willreevejr","277"
"nfl","196"
"dolphins","161"
"rookie","123"
"says","122"
"ramsnfl","117"
"will","106"
"finsup","105"
"start","102"
"starting","102"
"quarterback","101"
"coach","83"
"head","83"
"time","80"
"miavsla","79"
"httpstcoâ€","75"
"line","71"
"vegas","71"
"httpsâ€","70"
"theramswire","70"
"fisher","67"
"jeff","66"
"larams","64"
"sunday","61"
"continues","59"
"expect","59"
"jhekker","59"
"jaredgoff","58"
"shift","56"
"updated","56"
"excited","55"
"practice","54"
"first","53"
"pick","53"
"tough","53"
"lavsnyj","51"
"money","975"
"patorankingfire","739"
"phynofino","737"
"â€˜","723"
"patorankingâ€™","723"
"video","529"
"get","372"
"visuals","239"
"new","183"
"ehnpatorankingndownload","152"
"httpstcobbbibuczi","152"
"magnitoas","152"
"skartv","151"
"camp","122"
"released","122"
"beautiful","118"
"two","118"
"enjoy","117"
"hereâ€™s","117"
"lovely","117"
"visual","117"
"patoranking","107"
"httpstcowefxhqvsr","103"
"canâ€™t","96"
"tired","96"
"music","71"
"seen","68"
"addicted","65"
"sure","65"
"youâ€™ll","64"
"amp","56"
"costumes","56"
"location","56"
"scripts","56"
"magnito","54"
"â€“","52"
"mannequinchallenge","954"
"people","239"
"audience","237"
"anyone","224"
"shaolin","224"
"soccer","224"
"else","223"
"long","223"
"night","205"
"last","204"
"took","200"
"show","199"
"crazy","198"
"ptxofficial","198"
"ptxworldtourâ€","198"
"footyjokes","195"
"httpstcobpujbloz","152"
"best","67"
"httpsâ€","54"
"bannon","786"
"steve","460"
"trump","211"
"white","110"
"chief","75"
"amp","67"
"appointment","65"
"maga","61"
"working","61"
"israeli","60"
"jewish","60"
"httpsâ€","59"
"racist","59"
"stephen","57"
"antisemitic","55"
"trumps","55"
"ambassador","54"
"look","51"
