"Ô..word","freq"
"htgawm",766
"wes",195
"just",82
"ajanaomiking",81
"restingplatypus",78
"know",74
"howtogetawayabc",69
"get",66
"sheet",58
"eduaubdedubufeduaubcedubfubc",56
"love",53
"now",50
"like",47
"nhtgawm",44
"away",41
"episode",41
"please",41
"shonda",41
"lizaweil",38
"think",36
"back",35
"murder",35
"need",35
"killed",34
"shondarhimes",34
"god",33
"kill",33
"will",33
"got",32
"much",32
"underthesheet",32
"already",31
"didnt",31
"everyone",31
"thanks",31
"cant",30
"nate",30
"year",29
"petenowalk",28
"dont",27
"still",27
"worst",27
"damn",26
"died",26
"watching",26
"belief",25
"existence",25
"furthered",25
"gabbydavidson",25
"spain",25
"alfred",24
"enoch",24
"gibbons",24
"helpnhtgawm",24
"httpstcoivjudznvqh",24
"show",24
"hurts",23
"life",23
"sorrynhtgawm",23
"tonight",23
"uufefnhtgawm",23
"bonnie",22
"call",22
"laurelsgibbin",22
"time",22
"bcz",21
"devastated",21
"fuck",21
"going",21
"nit",21
"parents",21
"shook",21
"want",21
"heart",20
"right",20
"deserved",19
"gibbins",19
"main",19
"omg",19
"spoilers",19
"trying",19
"whos",19
"can",18
"dead",18
"death",18
"even",18
"fam",18
"havent",18
"never",18
"tuning",18
"violadavis",18
"better",17
"finale",17
"httpstcoelczonu",17
"ntgit",17
"okay",17
"peter",17
"returns",17
"worse",17
"believe",16
"brother",16
"characnshonda",16
"cristallizing",16
"ever",16
"find",16
"good",16
"himnhtgawm",16
"httpstcoavkhbfqjj",16
"see",16
"watch",16
"annalise",15
"high",15
"htgawmwinterfinale",15
"nuffsaidny",15
"seeing",15
"tomorrow",15
"yes",15
"amp",14
"annalises",14
"die",14
"eduaubdedubuaeduaubdedubuad",14
"giagia",14
"httpstcohcbnybmdo",14
"mattmcgorry",14
"nnhtgawm",14
"take",14
"twin",14
"crying",13
"east",13
"emotional",13
"fucking",13
"happened",13
"htgawm√¢‚Ç¨",13
"ive",13
"january",13
"lady",13
"let",13
"live",13
"made",13
"rhimes",13
"also",12
"eduaubdedubuaeduaubdedubua",12
"evil",12
"george",12
"mcdreamy",12
"process",12
"rebecca",12
"say",12
"season",12
"thinking",12
"week",12
"wow",12
"calling",11
"callmestarlord",11
"cancelled",11
"classes",11
"coming",11
"connor",11
"denny",11
"due",11
"eduaubdedubuadeduaubdedubuadeduaubdedubuaa",11
"enough",11
"family",11
"greysanatomy",11
"honor",11
"httpstcoaejlqyaoq",11
"httpstcoassmgqxq",11
"httpstcotgyecz",11
"httpstcowfat√¢‚Ç¨",11
"httpstcoyoqonjlw",11
"laurel",11
"laurenadinab",11
"lexie",11
"lifted",11
"mark",11
"mourn",11
"msoriginality",11
"munaism",11
"naaame",11
"nationwide",11
"nni",11
"play",11
"pretty",11
"sad",11
"sam",11
"shalondaloveee",11
"stress",11
"thread",11
"vodka",11
"wordsnhtgawm",11
"body",10
"eduaubdedubua",10
"everything",10
"finding",10
"frank",10
"fyeahtgawm",10
"gonna",10
"holy",10
"ibiebteam",10
"inkdarapper",10
"night",10
"secret",10
"till",10
"youve",10
"fans",9
"first",9
"halfhalaltrash",9
"hand",9
"hours",9
"httpstcodozrzkif",9
"httpstcok√¢‚Ç¨",9
"ill",9
"keating",9
"kissing",9
"raise",9
"ready",9
"safe",9
"thecharlieweber",9
"victimized",9
"watched",9
"whole",9
"anything",8
"conradricamora",8
"decision",8
"guys",8
"hardest",8
"hope",8
"house",8
"https√¢‚Ç¨",8
"httpstcocukjqubv",8
"last",8
"minutes",8
"morning",8
"people",8
"plus",8
"seen",8
"showrunner",8
"side",8
"spoil",8
"stomachpainsamptears",8
"uufef",8
"went",8
"whats",8
"wtf",8
"yet",8
"asher",7
"coast",7
"cry",7
"damaged",7
"drunkyborghy",7
"eduaubdedubuad",7
"emotions",7
"fire",7
"games",7
"happy",7
"httpstconewxxcor√¢‚Ç¨",7
"httpstcozlkifhp",7
"lol",7
"muchnhtgawm",7
"nerves",7
"new",7
"one",7
"question",7
"read",7
"realize",7
"saw",7
"shock",7
"shondaland",7
"smovkelouis",7
"thought",7
"werent",7
"yootori",7
"alive",6
"best",6
"broke",6
"caution",6
"character",6
"characters",6
"confused",6
"donhalogen",6
"exams",6
"fake",6
"foreversaranya",6
"funbeaz",6
"funny",6
"happening",6
"happiness",6
"htgawm√¢",6
"httpstcofhkhgzfp",6
"httpstcovfgdme",6
"httpstcoyxrrjxq",6
"important",6
"isnt",6
"itsgregorio",6
"killing",6
"lifenrun",6
"months",6
"nnfrank",6
"nnruin",6
"nruin",6
"ntake",6
"pressure",6
"rather",6
"real",6
"really",6
"rest",6
"sirencoliver",6
"someone",6
"soon",6
"spoiler",6
"thru",6
"upnruin",6
"wait",6
"whatsdetweet",6
"baby",5
"badass",5
"bitch",5
"black",5
"case",5
"cast",5
"cause",5
"chuuzus",5
"come",5
"complaint",5
"cries",5
"eduaubdedubuaaeduaubcedubfubc",5
"eduaubdedubub",5
"eduaubdedubueduaubdedubueduaubdedubu",5
"erjefferson",5
"except",5
"fifteen",5
"figure",5
"foods",5
"getting",5
"girlfriend",5
"hate",5
"ht√¢‚Ç¨",5
"http√¢‚Ç¨",5
"httpstcoisdiwdxec",5
"httpstcommlpn√¢‚Ç¨",5
"httpstcouhspyul",5
"httpstcowfpscfgbsa",5
"instead",5
"junk",5
"karlasouza",5
"messn",5
"moment",5
"oliver",5
"pass",5
"pulled",5
"rip",5
"shit",5
"sitting",5
"sleep",5
"smart",5
"sorry",5
"stunt",5
"talented",5
"trashyusagi",5
"twist",5
"west",5
"women",5
"words",5
"work",5
"writer",5
"ago",4
"alonzolerone",4
"always",4
"answers",4
"anymore",4
"artisthtgawmgifsfunnyanimallovepage",4
"ave",4
"basis",4
"bestsetever",4
"bit",4
"bunch",4
"close",4
"coping",4
"creativity",4
"deserve",4
"dies",4
"eduaubdedubuadeduaubdedubuadeduaubdedubuad",4
"end",4
"expected",4
"file",4
"girls",4
"glad",4
"goodbye",4
"hats",4
"heytearcatcher",4
"horrible",4
"httpstco√¢‚Ç¨",4
"httpstcorrdfkylllx",4
"httpstcoxwpujktu",4
"jail√¢‚Ç¨",4
"kaaaaaaaaaarl",4
"kammkroh",4
"keep",4
"kick",4
"literally",4
"lvldamn",4
"make",4
"man",4
"many",4
"mechanisms",4
"midseason",4
"milo",4
"mother",4
"nope",4
"officially",4
"ollie",4
"omfg",4
"plot",4
"refuse",4
"rips",4
"ripwesgibbins",4
"signing",4
"snow",4
"speechless",4
"stepht",4
"stop",4
"supposed",4
"tell",4
"tho",4
"told",4
"trump",4
"trust",4
"two",4
"victim",4
"vinestudio",4
"voldemort",4
"wanna",4
"weekly",4
"welcome",4
"well",4
"whitley",4
"winter",4
"writers",4
"accused",3
"actual",3
"actually",3
"age",3
"anjprowse",3
"answer",3
"ask",3
"babyeduaubdedubueduaubdedubuaeduaubdedubub",3
"bcherai",3
"breathe",3
"burned",3
"called",3
"cancel",3
"chat",3
"color",3
"couldnt",3
"cried",3
"crossing",3
"dad",3
"danaemolina",3
"daya",3
"deal",3
"denial",3
"designedbymyself",3
"done",3
"dying",3
"eduaubdedubuadeduaubdedubuadeduaubdedubuadeduaubdedubuad",3
"eduaubdedubuaeduaubcedubfubenhtgawm",3
"eduaubdedubueduaubdedubu",3
"either",3
"emmjolras",3
"emotionally",3
"ended",3
"every",3
"experiences",3
"fact",3
"faked",3
"fashionblogger",3
"fingers",3
"forgot",3
"gods",3
"goodnighteduaubdedubueduaubdedubueduaubdedubu",3
"group",3
"hahaha",3
"heartbroken",3
"hell",3
"hes",3
"hollywoodnhttpstcodcobauu",3
"htgawmufufuf",3
"httpstcogtvzdone",3
"httpstcojlwjnfxnq",3
"httpstcollvtrgjv",3
"httpstcookkcsoyua",3
"httpstcoxwlixbtii",3
"httpstcozbbunplab",3
"jaroncheatham",3
"jon",3
"kills",3
"kind",3
"knew",3
"knowing",3
"knownnhtgawm",3
"left",3
"look",3
"looking",3
"lost",3
"lot",3
"mad",3
"marcosnotahero",3
"mean",3
"meant",3
"media",3
"michaela",3
"myselfnmichaela",3
"nah",3
"name",3
"nykanycole",3
"oitnb",3
"praying",3
"puhlease",3
"reaction",3
"repeatedly",3
"rescued",3
"response",3
"revealed",3
"ruin",3
"sake",3
"sandgomezz",3
"scenario",3
"scenes",3
"seantaneous",3
"showed",3
"since",3
"social",3
"somebody",3
"something",3
"start",3
"streetwear",3
"stressed",3
"taken",3
"tears",3
"telly",3
"tgit",3
"thekeatingive",3
"tonights",3
"traumatizednconnor",3
"tweet",3
"upset",3
"waiting",3
"wasnt",3
"weirdos",3
"whyyy",3
"winterfinale",3
"woke",3
"worried",3
"wrong",3
"yall",3
"years",3
"zalbrecht",3
"aint",2
"alertnwhaaaaaaaaaaaaaaaaaat",2
"alfredenoch",2
"allnhtgawm",2
"allnhtgawmnunderthesheet",2
"angry",2
"another",2
"appreciate",2
"asleep",2
"ass",2
"assumed",2
"awaynhtgawm",2
"background",2
"bad",2
"barabears",2
"bed",2
"beejay",2
"big",2
"biggest",2
"bodyshonda",2
"breaking",2
"broken",2
"brothers",2
"bursts",2
"catch",2
"cheeseburger",2
"cheeseburgers",2
"circle",2
"comingnhtgawm",2
"congrats",2
"daddy",2
"dare",2
"dark",2
"dawg",2
"dbymyself",2
"dear",2
"disgusting",2
"distraught",2
"drink",2
"easy",2
"eduaubdedubu",2
"eduaubdedubuadeduaubdedubu",2
"eduaubdedubuadeduaubdedubuadeduaubdedubuadnhtgawm",2
"eduaubdedubuaeduaubdedubuadeduaubdedubu",2
"eduaubdedubuaeduaubdedubuaeduaubdedubua",2
"eduaubdedububeduaubdedubuaeduaubdedubuaeduaubdedubuaeduaubdedubuaeduaubdedubuad",2
"eduaubdedububso",2
"eduaubdedubueduaubdedubua",2
"eduaubeedubu",2
"entire",2
"everetteimani",2
"excited",2
"expect",2
"face",2
"fakennhtgawm",2
"feel",2
"ffs",2
"finally",2
"food",2
"freaking",2
"friend",2
"friends",2
"friendship",2
"fucked",2
"fuuuuuuckkk",2
"game",2
"genuinely",2
"giving",2
"gotta",2
"grvfaimptn",2
"guess",2
"haleftbush",2
"half",2
"handle",2
"hard",2
"hated",2
"hospital",2
"hownnhtgawm",2
"htgawmnerdom",2
"htgawmnthank",2
"httpstcocftgetc",2
"httpstcocxorpyti",2
"httpstcodogaiwask",2
"httpstcoivbckwavs",2
"httpstcokglkfns",2
"httpstcolbfcidijnm",2
"httpstcomvuzgkiip",2
"httpstcongskph",2
"httpstconwkhqbug",2
"httpstcookhomongj",2
"httpstcoqcgnudlra",2
"httpstcorkaffnywf",2
"httpstcorkmhxabhdt",2
"httpstcoubwhxlqch",2
"httpstcovlyyiqnlx",2
"httpstcowikqsywme",2
"httpstcoxnmmcwv",2
"httpstcozztvmixwr",2
"hugging",2
"hurt",2
"husband",2
"iconic",2
"improvised",2
"inner",2
"issues",2
"itmy",2
"jamil",2
"jazzyj",2
"jimmykimmellive",2
"jitterary",2
"keithington",2
"kidding",2
"kiss",2
"latest",2
"laurenofarabia",2
"leme",2
"levity",2
"lifeeduaubdedubuadeduaubdedubuadeduaubdedubueduaubdedubueduaubdedubueduaubdedubuadeduaubdedubuadeduaubdedubuadeduaubdedubuadeduaubdedubueduaubdedubueduaubdedubueduaubdedubueduaubdedubu",2
"lil",2
"littlemix",2
"long",2
"lovea",2
"male",2
"mama",2
"marcosburial",2
"mattmc√¢‚Ç¨",2
"maybe",2
"memorieshtgawm",2
"might",2
"min",2
"miss",2
"mizzjai",2
"morgansstockton",2
"mourning",2
"move",2
"murdernmarcos",2
"murders",2
"must",2
"muted",2
"natalieabrams",2
"next",2
"next√¢‚Ç¨",2
"nights",2
"noo",2
"noted",2
"nwhen",2
"office",2
"panic",2
"part",2
"person",2
"plagued",2
"pretendnhtgawm",2
"prettyyyyyyyy",2
"questions",2
"ramenpapi",2
"random",2
"reeling",2
"reminders",2
"ri√¢‚Ç¨",2
"ruhroh",2
"ruined",2
"ruining",2
"sadness",2
"sceneeduaubdedubuenhtgawm",2
"shanx",2
"shelloftheball",2
"shitty",2
"shocked",2
"shondal√¢‚Ç¨",2
"shondalandcast",2
"shouldve",2
"sick",2
"sickgoodnight",2
"soul",2
"speak",2
"speaks",2
"spoils",2
"support",2
"surprising",2
"survive",2
"survived",2
"talk",2
"thank",2
"thatsclaudia",2
"thatwhittt",2
"thegameofnerds",2
"tight",2
"tired",2
"to√¢‚Ç¨",2
"today",2
"totally",2
"trending",2
"trndnl",2
"try",2
"tweeting",2
"tweets",2
"twitter",2
"twtr",2
"type",2
"ugh",2
"walkin",2
"waniminaj",2
"war",2
"whaaaaaaaaat",2
"whoisunderthesheet",2
"wizarding",2
"wtfffffffffffff",2
"wth",2
"yelled",2
"youre",2
"aaaaaaaaaaaarrrrrrrrrrggggggggghhhhhhhhhhhhhhhhhhhh",1
"aaaagh",1
"abc",1
"abt",1
"abuse",1
"act",1
"acted√¢‚Ç¨",1
"actor",1
"address",1
"agonising",1
"aiineything",1
"ajshannon",1
"alertnholy",1
"alertni",1
"alfie",1
"alot",1
"alrighty",1
"alyssamarie",1
"amarisbates",1
"amazing",1
"america",1
"american",1
"annaleise",1
"annaliese",1
"anneliese",1
"answereduaubdedubu",1
"anyone",1
"apologies",1
"arearent",1
"arienz",1
"arkylicius",1
"asf",1
"assholes",1
"auditioned",1
"auntie",1
"awkward",1
"bahamachuck",1
"bahashtyy",1
"bakit",1
"bc√¢‚Ç¨",1
"bcs",1
"becky",1
"believable",1
"believed",1
"betrayal",1
"betrayed",1
"biiiiihhhhh",1
"bitchs",1
"blessed",1
"blew",1
"blocked",1
"bloody",1
"bomb",1
"bonnies",1
"boom",1
"bout",1
"bowled",1
"boy",1
"bravo",1
"breathing",1
"brighten",1
"bring",1
"brokeblackchick",1
"bruh",1
"brylleeeuytiepo",1
"buckynaat",1
"bucyntleks",1
"burnbitch",1
"buyer",1
"bye",1
"c√¢‚Ç¨",1
"caaaaant",1
"caijei",1
"canonfx",1
"cape",1
"career",1
"cars",1
"chance",1
"character√¢‚Ç¨‚Ñ¢s",1
"charaxter",1
"child",1
"childreninneed",1
"cinemagrace",1
"class",1
"cmireid",1
"cnt",1
"coincidence",1
"combinations",1
"comment",1
"complaining",1
"congratulations",1
"conner",1
"connors",1
"consoled",1
"costs",1
"cottoncolford",1
"couldve",1
"couple",1
"cox",1
"crap",1
"created",1
"credit",1
"croydon",1
"crt",1
"csigrl",1
"curious",1
"cut",1
"daily",1
"damolaososanya",1
"deadnnwesupport",1
"deadnoooo",1
"debt",1
"definitely",1
"deliver",1
"delves",1
"dem",1
"demise",1
"depends",1
"depressed",1
"depression",1
"depth",1
"derekacz",1
"desb",1
"describe",1
"despite",1
"diff",1
"different",1
"dirty",1
"disaster",1
"dislike",1
"dnt",1
"doesnt",1
"dohtgawm",1
"doin",1
"dream",1
"drinking",1
"drunk",1
"dstv",1
"earth",1
"eduaubcedubcuaeduaubdedubuaeduaubdedubueduaubdedubueduaubdedubaubn",1
"eduaubdedubuadeduaubdedubuadeduaubdedubuadeduaubdedubuadeduaubdedubuadeduaubdedubuadeduaubdedubuadeduaubdedubuadeduaubdedubuadeduaubdedubuadeduaubdedubuadeduaubdedubuadeduaubdedubuadeduaubdedubuad",1
"eduaubdedubuadeduaubdedubuadeduaubdedubuadeduaubdedubuadeduaubdedubuadeduaubdedubuadeduaubdedubuadeduaubdedubuadeduaubdedubuadeduaubdedubuadeduaubdedubuadeduaubdedubuadeduaubdedubuadeduaubdedubuadeduaubdedubuadeduaubdedubuad",1
"eduaubdedubuadeduaubdedubuadeduaubdedubuadeduaubdedubuadnn",1
"eduaubdedubuadeduaubdedubuadeduaubdedubuadeduaubdedubuaeduaubdedubuaeduaubdedubuaeduaubdedubuavioladavis",1
"eduaubdedubuadeduaubdedubuadeduaubdedubuadnkarlasouza",1
"eduaubdedubuadeduaubdedubuadeduaubdedubuadrestingplatypus",1
"eduaubdedubuadeduaubdedubuadn",1
"eduaubdedubuadeduaubdedubuaeduaubdedubua",1
"eduaubdedubuaeduaubdedubuaeduaubdedubu",1
"eduaubdedubuaeduaubdedubuaeduaubdedubuaeduaubdedubuae",1
"eduaubdedubuaeduaubdedubuaeduaubdedubuaeduaubdedubuaeduaubdedubuab",1
"eduaubdedubuaeduaubdedubuaeduaubdedubuaeduaubdedubuanhtgawm",1
"eduaubdedubuaeduaubdedububeduaubdedubu",1
"eduaubdedubuaeduaubdedububeduaubdedubua",1
"eduaubdedubuaf",1
"eduaubdedubuahtgawm",1
"eduaubdedubuanhtgawm",1
"eduaubdedubuaripdeanthomas",1
"eduaubdedububeduaubdedubua",1
"eduaubdedububeduaubdedubuad",1
"eduaubdedububeduaubdedububeduaubdedububeduaubdedububeduaubdedubuaeduaubdedubu",1
"eduaubdedububeduaubdedububeduaubdedububeduaubdedububeduaubdedububeduaubdedububeduaubdedububeduaubdedububeduaubdedubuadeduaubdedubuadeduaubdedubuadeduaubdedubuadeduaubdedubuadeduaubdedubuadeduaubdedubuadeduaubdedubuadeduaubdedubuadeduaubdedubuadeduaubdedubuadeduaubdedubuadeduaubdedubuadeduaubdedubuadeduaubdedubuadeduaubdedubuadeduaubdedubuadeduaubdedubuadeduaubdedubuadeduaubdedubuadeduaubdedubuadeduaubdedubuadeduaubdedubuad",1
"eduaubdedububeduaubdedububeduaubdedububeduaubdedububeduaubdedububeduaubdedububeduaubdedububeduaubdedububeduaubdedububeduaubdedububeduaubdedububshonda",1
"eduaubdedububeduaubdedububeduaubdedububeduaubdedububeduaubdedububwhat",1
"eduaubdedububeduaubdedubuf",1
"eduaubdedubuceduaubcedubfubbeduaubdedubuaf",1
"eduaubdedubueduaubdedubuad",1
"eduaubdedubueduaubdedubuadeduaubdedubau",1
"eduaubdedubueduaubdedubueduaubdedubueduaubdedubueduaubdedubueduaubdedubueduaubdedubuadeduaubdedubuad",1
"eduaubdedubueeduaubdedubu",1
"eduaubdedubuf",1
"eduaubdedubuhtgawm",1
"eduaubdedubunhtgawm",1
"eduaubdedubuok",1
"eek",1
"election",1
"electricity",1
"emayechay",1
"emojis",1
"ending",1
"enews",1
"episodeeduaubdedubueduaubdedubu",1
"episodes",1
"erikmardes",1
"esp",1
"especially",1
"ethnicity",1
"ewicz",1
"experienced",1
"explaining",1
"exquisite",1
"fan",1
"fandom",1
"far",1
"favesuufef",1
"favsnher",1
"feelin",1
"feeling",1
"fell",1
"fictional",1
"finales",1
"finished",1
"floor",1
"fml",1
"follow",1
"followed",1
"foor",1
"forever",1
"forget",1
"found",1
"foxcinemas",1
"fragile",1
"frankamp",1
"franks",1
"free",1
"friday",1
"fridayfeeling",1
"fucccckkkinnggg",1
"fuckinh",1
"full",1
"function",1
"fuuuuuuuuuuucckkkkkk",1
"gaf",1
"gago",1
"ganun",1
"geeksofcolor",1
"genius",1
"gentle",1
"genuinley",1
"gets",1
"getthefuckout",1
"gif",1
"gilmore",1
"ginikaezeani",1
"given",1
"glenn",1
"globnnssssssshhhhhhhhtnnhtgawm",1
"goals",1
"godnhtgawm",1
"godofwarshader",1
"goi√¢‚Ç¨",1
"gon",1
"gone",1
"great",1
"griffindoor",1
"gurl",1
"guy",1
"guyseduaubdedububeduaubdedububeduaubdedububeduaubdedubub",1
"hair",1
"happen",1
"hasminaaaaa",1
"haunt",1
"hawu",1
"heard",1
"heavy",1
"helenav",1
"help",1
"helped",1
"heshe",1
"himamp",1
"history",1
"hit",1
"holysht",1
"home",1
"htgawbelle",1
"htgawm√¢‚Ç¨‚Ñ¢s",1
"htgawmdid",1
"htgawmeduaubdedubu",1
"htgawmnhow",1
"htgawmnn",1
"htgawmnripwesgibbins",1
"htgawmnripwesgibbinsnonly",1
"htgawmpost",1
"httpstcoaaybdqe",1
"httpstcoafuifjbof",1
"httpstcoaggwakvvl",1
"httpstcoajvvfqmkj",1
"httpstcoayqnztx",1
"httpstcobksovcmd",1
"httpstcoblqrp",1
"httpstcocohtuufix",1
"httpstcocpukdwtkj",1
"httpstcocqrpugvtm",1
"httpstcocsomwsam",1
"httpstcocuemavuxfz",1
"httpstcocwahrlxbq",1
"httpstcodfkyvxnerf",1
"httpstcodjgkagb√¢‚Ç¨",1
"httpstcodluqbkud",1
"httpstcodnhluczec",1
"httpstcodohdxebve",1
"httpstcodqphpjp",1
"httpstcoduzisglrj",1
"httpstcoeavommnj",1
"httpstcoehbqkercz",1
"httpstcoemwflmkpx",1
"httpstcofnpoddemw",1
"httpstcofplvvyu",1
"httpstcofuqbgui",1
"httpstcogalnsarf",1
"httpstcohkexeupel",1
"httpstcohrmxcsngao",1
"httpstcohvdfjbzqb",1
"httpstcoinxzqqj",1
"httpstcoiualmoiqc",1
"httpstcoiumoze",1
"httpstcojaacisfol",1
"httpstcojattbmfo",1
"httpstcojifdyxpy",1
"httpstcojkxcsggj",1
"httpstcojnmbojpex",1
"httpstcojnnxoehl",1
"httpstcojsrwcncmc",1
"httpstcojttxwtubfe",1
"httpstcojuduckvc",1
"httpstcojvbaoatso",1
"httpstcojvlyoxr",1
"httpstcokgabbfehf",1
"httpstcokifdageql",1
"httpstcokqdecjvg",1
"httpstcokzzytllmcl",1
"httpstcoldelvrvt",1
"httpstcolfigkfrzvy",1
"httpstcolhzwpqpz",1
"httpstcolktueuup",1
"httpstcommaekt",1
"httpstcommlcmgnry",1
"httpstcomwevkrhi",1
"httpstcomwwwmuqlqh",1
"httpstcomyuzbowbnr",1
"httpstconfmsfvull",1
"httpstconlpmedwok",1
"httpstconsqxvd",1
"httpstcooaqsvhnjia",1
"httpstcooeqknvflh",1
"httpstcoohbvsqzgw",1
"httpstcoollmftvzy",1
"httpstcoouasggevx",1
"httpstcop√¢‚Ç¨",1
"httpstcopcluisphx",1
"httpstcopkdozyh",1
"httpstcoprgambebp",1
"httpstcoq√¢‚Ç¨",1
"httpstcoqcpkybrknz",1
"httpstcoqspohinb",1
"httpstcoqtytuvln",1
"httpstcoqukcrquj",1
"httpstcoqxwirlf",1
"httpstcorcmerxlnv",1
"httpstcorhqkmmf",1
"httpstcornisvkm",1
"httpstcornzxqtlo",1
"httpstcortfnnaxq",1
"httpstcoscuupzaf",1
"httpstcosoyoppl",1
"httpstcotcsqmmoho",1
"httpstcotjjbgtebf",1
"httpstcotjtpozwwy",1
"httpstcotxpshxgjl",1
"httpstcouejgxyqb",1
"httpstcoupukzdlvqm",1
"httpstcoutbzmil",1
"httpstcouvcqintk",1
"httpstcouyurzdolg",1
"httpstcouzuehft",1
"httpstcov√¢‚Ç¨",1
"httpstcovdidieqhb",1
"httpstcovkesjoqob",1
"httpstcovluwux",1
"httpstcovunvdu",1
"httpstcovwlircapf",1
"httpstcownekursup",1
"httpstcowsntgawne",1
"httpstcowusttwhj",1
"httpstcoxjechpb",1
"httpstcoxjwodwnk",1
"httpstcoxkdgxw",1
"httpstcoxsiisezq",1
"httpstcoxwcdjeac",1
"httpstcoyqzvwagmt",1
"httpstcoyuhyfvogwt",1
"httpstcozzhkonpem",1
"huge",1
"hugs",1
"huhu",1
"huhuhuhu",1
"humans",1
"hype",1
"iamshocked",1
"iamtjjones",1
"idk",1
"ileon",1
"image",1
"imma",1
"immigrant",1
"impacted",1
"incredible",1
"innme",1
"intensity",1
"interest√¢‚Ç¨",1
"internal",1
"internalize",1
"intimate",1
"inventing",1
"involvement",1
"isnwho",1
"jan",1
"jaw",1
"jesinhtgawm",1
"jimmykimmel",1
"job",1
"john",1
"jose",1
"jroz",1
"jspence",1
"jsquaredd",1
"justmarkus",1
"jyleraf",1
"katf",1
"keatingnhtgawm",1
"keeps",1
"kennat",1
"kimmel",1
"kimthatisall",1
"kinda",1
"kmagic",1
"kmt",1
"knownyes",1
"land",1
"lang",1
"lasgomasderydel",1
"later",1
"law",1
"ldinsight√¢‚Ç¨",1
"leave",1
"leaving",1
"leftndo",1
"legit",1
"lets",1
"liked",1
"line",1
"linmanuel",1
"listen",1
"listening",1
"liza",1
"log",1
"logic",1
"lord",1
"loves",1
"lrhwoives",1
"luv",1
"luxury",1
"lwazimd",1
"maam",1
"maicareynoso",1
"makes",1
"making",1
"mandragorapattern",1
"mapgar",1
"marathon",1
"marcosnotaheronu",1
"marieeeel",1
"martin",1
"mary",1
"massive",1
"may",1
"mcada",1
"meeeeeeee",1
"melt",1
"menwhat",1
"messed",1
"messing",1
"messsss",1
"mhellywhatsgood",1
"miatheboss",1
"michaelas",1
"michaelashrs",1
"michellekovu",1
"mid",1
"mind",1
"minutesndo",1
"mirror",1
"mishacklesifer",1
"missed",1
"mixers",1
"mmffnua",1
"mmffnuc",1
"monumentnub",1
"mouth",1
"moved",1
"muhtayohh",1
"muna",1
"music",1
"nahhh",1
"nahhhhh",1
"nailed",1
"nap",1
"naturalcork",1
"ncontact",1
"nearly",1
"neduaubdedubuadeduaubdedubuadeduaubdedubuadeduaubdedubuadeduaubdedubuadhtgawm",1
"needed",1
"needs",1
"nevermind",1
"newest",1
"newly",1
"ngoooosh",1
"nicdawes",1
"nicoletweetss",1
"nigga",1
"nme",1
"nnate",1
"nnnnnni",1
"nnunfucking",1
"none",1
"nooo",1
"noooooeduaubdedubuadeduaubdedubuad",1
"noooooooooooooooooo",1
"northnirelandnadelenkaikouranregister",1
"nospoilers",1
"note",1
"notin",1
"nowalk",1
"nowwho",1
"nswaklnhtgawmnbreakernationnnzvpaknkiwiconnhavelock",1
"nthem",1
"numb",1
"nurse",1
"nuts",1
"ofc",1
"ohhicutiepie",1
"old",1
"oliviaspope",1
"omgomgomgomgomgomg",1
"oree",1
"others",1
"ouafaealaoui",1
"ouatxarrow",1
"pain",1
"painful",1
"paralyzed",1
"paris",1
"partypoopers",1
"passed",1
"paying",1
"pchardcase",1
"pcs",1
"peace",1
"periscope",1
"personal",1
"phone",1
"phonecasemanufacturer",1
"pht",1
"place",1
"played",1
"poc",1
"pointers",1
"points",1
"polkadotpurse",1
"poooo",1
"poor",1
"possible",1
"postpone",1
"power",1
"ppl",1
"practicing",1
"pregnant",1
"premiere",1
"prepare",1
"president",1
"pressurize",1
"pretended",1
"proper",1
"protect",1
"puppy",1
"pure",1
"pussyclaat",1
"putangina",1
"puupy",1
"quit",1
"rail",1
"rante",1
"rayaldn",1
"razanmonstaa",1
"reacts",1
"reading",1
"ready√¢‚Ç¨",1
"readyyyyy",1
"realnhtgawm",1
"recognition",1
"recognized",1
"reconnect",1
"reemaalmutairy",1
"relationship",1
"relieved",1
"reminding",1
"repercussions",1
"replacement",1
"requestjob",1
"retire",1
"return",1
"retweeting",1
"reveal",1
"rewatch",1
"rewatched",1
"rhimesshondarhimes",1
"rhymes",1
"richeesehuasenputecom",1
"rid",1
"rimes",1
"ripwaitlist",1
"rodimusprime",1
"rolls",1
"rosariophillipz",1
"ruthless",1
"said",1
"sarahnc",1
"school",1
"screamqueens",1
"screwing",1
"script",1
"scrolled",1
"scsiingh",1
"seasonwoooooo",1
"sec",1
"second",1
"send",1
"seriousely",1
"set",1
"sex",1
"shannaalicia",1
"sheets",1
"sheetseduaubdedubuad",1
"shes",1
"shiiiet",1
"ship",1
"shivasingh",1
"shocking",1
"shocknhtgawm",1
"sholaabimbola",1
"shondalandrevealed",1
"shondalandtv",1
"shondayoudeadwrong",1
"shot",1
"shownninner",1
"shows",1
"shrutitalekar",1
"shut",1
"sigh",1
"sink",1
"sixtysiix",1
"smfh",1
"smh",1
"smilleesims",1
"some√¢‚Ç¨",1
"somehow",1
"sometimes",1
"soo",1
"southern",1
"spoileralerts",1
"spoiling",1
"spoilt",1
"spoke",1
"stacy",1
"started",1
"stay",1
"stephaniepenne",1
"stomach",1
"stoooopid",1
"straight",1
"stumble",1
"stung",1
"subdeliveryman",1
"subject",1
"submit",1
"sucked",1
"summed",1
"surprises",1
"surprisingly",1
"suspect",1
"suspense",1
"swaggyshay",1
"tag",1
"taking",1
"talent",1
"tbh",1
"teaching",1
"teamvkj",1
"tech",1
"teenwolf",1
"tel",1
"television",1
"tellem",1
"tew",1
"theories",1
"theskorpion",1
"thetopspin",1
"thetrudz",1
"thewalkingdead",1
"thewrap",1
"thoughts",1
"til",1
"title",1
"together",1
"took",1
"train",1
"trash",1
"traumatized",1
"travelstart",1
"trendinaliapi",1
"trends",1
"trope",1
"true",1
"truly",1
"tuned",1
"turn",1
"tutorial",1
"tvd",1
"tvguide",1
"tvobsessed",1
"twice",1
"twisted",1
"twists",1
"ucufefucufefucufefeduaubdedubuaeduaubdedubuad",1
"uenkatycat",1
"uggggghhhhhhhh",1
"ughhhhh",1
"uncomfortableeduaubdedubueduaubdedubuaeduaubdedubu",1
"unde√¢‚Ç¨",1
"understatement",1
"undetermined",1
"uneedlawyerup",1
"unemployed",1
"unexpected",1
"university",1
"unless",1
"unproblematic",1
"unsure",1
"upon",1
"using",1
"value",1
"variety",1
"vendetta",1
"via",1
"vickyrozay",1
"viewersits",1
"vincentnewen",1
"waitlist",1
"walked",1
"walks",1
"wanted",1
"wat",1
"wayeduaubdedubuadeduaubdedubuad",1
"wayyyyyyy",1
"wed",1
"weekend",1
"weeks",1
"wesisdead",1
"wess",1
"whaaaaaat",1
"whatever",1
"whenever",1
"whhhhhyyyyyy",1
"white",1
"whoaaaa",1
"whoah",1
"whoever",1
"whoisunderthesh√¢‚Ç¨",1
"whose",1
"whyareyoudoingthis",1
"whyyeduaubdedubuadeduaubdedubuadeduaubdedubuad",1
"wifegirlfriend",1
"wifi",1
"wild",1
"will√¢‚Ç¨",1
"wishmehopeme",1
"withmelocoton",1
"wont",1
"woods",1
"word",1
"working",1
"wowwww",1
"wowwwwnnim",1
"wrapped",1
"wtff",1
"wtfffff",1
"wtfffffff",1
"wtfwhy",1
"xmysticwoods",1
"yasmine",1
"yeunsspizza",1
"yoh",1
"young",1
"youtube",1
"zealand",1
"mobsquad",890
"rams",562
"goff",437
"jared",435
"willreevejr",277
"nfl",196
"dolphins",161
"rookie",123
"says",122
"ramsnfl",117
"will",106
"finsup",105
"start",102
"starting",102
"quarterback",101
"coach",83
"head",83
"time",80
"miavsla",79
"httpstco√¢‚Ç¨",75
"line",71
"vegas",71
"https√¢‚Ç¨",70
"theramswire",70
"fisher",67
"jeff",66
"larams",64
"sunday",61
"continues",59
"expect",59
"jhekker",59
"jaredgoff",58
"shift",56
"updated",56
"excited",55
"practice",54
"first",53
"pick",53
"tough",53
"lavsnyj",51
"dilfer",50
"trent",50
"britneyspears",45
"goffs",45
"overall",45
"now",44
"star",44
"doesnt",43
"icymi",43
"news",43
"pop",43
"season",43
"attends",42
"face",42
"handle",42
"oaks",42
"thousand",42
"via",42
"chatsports",41
"coaching",41
"eduaubcedubeua",41
"reports",41
"staff",41
"understand",41
"week",41
"nnwyche",40
"yards",40
"adam",39
"gase",39
"httpstcob√¢‚Ç¨",39
"new",39
"amp",38
"another",38
"eduaubdedubub",38
"former",38
"http√¢‚Ç¨",38
"httpstcolbgqyeoi",38
"httpstcoyjrmnibyos",38
"massive",38
"puntnn",38
"weeknanother",38
"win",38
"enigma",37
"isaiah",36
"pead",36
"ramsnhttpstcotxqtvmy√¢‚Ç¨",36
"said",36
"favor",34
"money",34
"lwosrams",33
"named",33
"nhttps√¢‚Ç¨",33
"thurs",33
"prayers",31
"httpstcoamgddltik",30
"starter",30
"teammates",30
"terrible",30
"eduaubdedubuf",29
"family",29
"friends",29
"got",29
"angeles",28
"gear",28
"httpstcoodbhxottsx",28
"nhttpstcoiquaxuj√¢‚Ç¨",28
"stadium",28
"game",26
"just",26
"today",26
"chance",25
"light",25
"miami",24
"follow",23
"lot",23
"mobsquad√¢‚Ç¨",23
"nflgiveaway",23
"clairedabear",22
"inc",22
"janoris",22
"jenkins",22
"packed",22
"prize",22
"signed",22
"tgii",22
"ground",21
"player",21
"ramsnation",21
"teams",21
"case",19
"keenum",19
"make",19
"birthday",18
"can",18
"daughter",18
"rquinn",18
"stuff",18
"thats",18
"tickets",18
"wanted",18
"finally",17
"nfc",17
"raybo",17
"going",16
"hollywood",16
"quinn",16
"special",16
"change",15
"fantasyfootball",15
"great",15
"hospital",15
"inglewood",15
"job",15
"park",15
"show",15
"young",15
"fans",14
"break",13
"day",13
"eduaubdedubu",13
"get",13
"jack",13
"begin",12
"hornsup",12
"ramily",12
"robert",12
"row",12
"well",12
"feelin",11
"future",11
"good",11
"goooooood",11
"httpstcovbebdhvty",11
"lets",11
"look",11
"pff",11
"begins",10
"breaking",10
"concerned",10
"debut",10
"home",10
"laramnation",10
"need",10
"see",10
"takes",10
"think",10
"available",9
"decision",9
"duo",9
"easection",9
"expecting",9
"hekker",9
"httpstcofyxyofyjlw",9
"november",9
"ready",9
"right",9
"seats",9
"team",9
"things",9
"toddgurley",9
"watch",9
"√¢‚Ç¨≈ìscared√¢‚Ç¨¬ù",8
"big",8
"construction",8
"covernrams",8
"decisions",8
"different",8
"facebook",8
"football",8
"gambling",8
"groundbreaking",8
"groupnnhmmthats",8
"hall",8
"httpstcoarzzjnluqpnmobsquad",8
"httpstcohrtqgy",8
"httpstcoofczk",8
"httpstcozzvkexrvf",8
"jim",8
"joeramsilverfox",8
"losangeles",8
"move",8
"punter",8
"really",8
"russillokanell",8
"say",8
"tdespn",8
"att",7
"cant",7
"congrats",7
"earned",7
"freegoff",7
"fun",7
"happy",7
"httpstcodgldmghti",7
"httpstcoohwqxnesw",7
"jets",7
"later",7
"let",7
"officially",7
"released",7
"set",7
"superfan",7
"theblood",7
"video",7
"wants",7
"wins",7
"youngblood",7
"budlight",6
"cheerleaders",6
"contributor",6
"famer",6
"getting",6
"gisramsshow",6
"hear",6
"httpst√¢‚Ç¨",6
"httpstcosadivpg",6
"httpstcotmwmrswxy",6
"keep",6
"know",6
"kroenke",6
"lineman",6
"made",6
"mashup",6
"mini",6
"morning",6
"nnmobsquad",6
"rampage",6
"ramsheadquarter",6
"since",6
"spoke",6
"stubhub",6
"taylorfelix",6
"thank",6
"throwbackthursday",6
"ticketexchange√¢‚Ç¨",6
"todays",6
"unbreakablefans",6
"wait",6
"backup",5
"bad",5
"brought",5
"career",5
"ceremony",5
"dallascowboys",5
"deserved",5
"eduaubcedubfufnnmobsquad",5
"exchange",5
"games",5
"gurley",5
"guys",5
"hayes",5
"hes",5
"httpstconoobrihho",5
"imagined",5
"jedi",5
"johnny",5
"love",5
"low",5
"michaelpgrande",5
"movie",5
"nfl√¢‚Ç¨",5
"njlagunaa",5
"offensive",5
"play",5
"ramsgroundbreaking",5
"someone",5
"stan",5
"starwars",5
"thinks",5
"ticket",5
"weeknnmobsquad",5
"won",5
"word",5
"youre",5
"bar",4
"becoming",4
"better",4
"billsimmons",4
"broncos",4
"car",4
"check",4
"come",4
"dodgers",4
"draft",4
"familynmobsquad",4
"fellow",4
"god",4
"goes",4
"goffnthis",4
"goniners",4
"gtgt",4
"history",4
"host",4
"ht√¢‚Ç¨",4
"httpstcolwajprzp",4
"httpstcoqanziqnji",4
"httpstcotzupyurfif",4
"httpstcouphqisd",4
"huge",4
"jblong",4
"laramsfanzone",4
"leg",4
"miamidolphins",4
"might",4
"next",4
"nmobsquad",4
"nnhttpstcoadmgdszsh",4
"official",4
"oline",4
"one",4
"owner",4
"part",4
"playing",4
"pst",4
"put",4
"qbs",4
"report",4
"ringerpodcasts",4
"rotouncleodds",4
"saffold",4
"seasons",4
"sundaynmobsquadnhttpstcokvzmfvkb",4
"sweet",4
"tea",4
"teammate",4
"teamsnherewegongobillsnjetupnchargersnnsincerelynfinsupnnmobsquad",4
"thanks",4
"thoughts",4
"todd",4
"william",4
"almost",3
"asking",3
"attended",3
"awesome",3
"back",3
"battle",3
"bet",3
"biggame",3
"chances",3
"chiefgunz",3
"comparing",3
"djmalskila",3
"done",3
"end",3
"expected",3
"eyes",3
"feisty",3
"field",3
"fix",3
"gorams",3
"happening",3
"help",3
"hire",3
"hoe",3
"hope",3
"httpstcogfalhj",3
"httpstcohwozkwbop",3
"httpstcolfwmfmshgu",3
"httpstcoqanziqqb",3
"httpstcoyfggkzolp",3
"isaacbruce",3
"jefffisher",3
"jimeverett",3
"joc",3
"kurtwarner",3
"last",3
"like",3
"live",3
"lmao",3
"long",3
"looks",3
"losing",3
"man",3
"moment",3
"mvp",3
"ndamukong",3
"nextnhttpstc√¢‚Ç¨",3
"nhttpst√¢‚Ç¨",3
"nightmareny",3
"nngoff",3
"nnhttpstcoapqtqqwfxp",3
"nnhttpstcovwqnztrel",3
"notes",3
"one√¢‚Ç¨",3
"pederson",3
"people",3
"players",3
"playoff",3
"praise",3
"prescott",3
"preview",3
"profootballhof",3
"proud",3
"pumped",3
"rams√¢‚Ç¨‚Ñ¢",3
"ramsfanmvp",3
"ramslife",3
"roger",3
"romo",3
"rub",3
"she√¢‚Ç¨‚Ñ¢s",3
"shorts",3
"squad",3
"step",3
"streak",3
"stubhub√¢‚Ç¨",3
"suh",3
"super",3
"telling",3
"theforceawakensnhttps√¢‚Ç¨",3
"thrown",3
"timesbut",3
"tony",3
"trucks",3
"underperform",3
"veterans",3
"warner",3
"weeks",3
"wegotgoff",3
"wentz",3
"wolves",3
"wonders",3
"wreck",3
"yall",3
"yeah",3
"year",3
"yes",3
"yet",3
"york",3
"yungjoc",3
"aaron",2
"accident",2
"ajayi",2
"amputated",2
"appearance",2
"armchairnfl",2
"ass",2
"bcfootball",2
"best",2
"bonsignore",2
"bout",2
"boy",2
"boycott",2
"brave",2
"brittngain",2
"bruce",2
"call",2
"called",2
"carries",2
"casekeenum",2
"chat",2
"chatrams",2
"chely",2
"chill",2
"chosen",2
"chris",2
"coliseum",2
"columnist",2
"combined",2
"compared",2
"confident",2
"controversial",2
"couldnt",2
"cuz",2
"dailynewsvinny",2
"dawgs",2
"debuts",2
"deep",2
"defense",2
"defensive",2
"demoted",2
"derricknighton",2
"division",2
"dnppouncey",2
"eduaubdedubueduaubcedubfu",2
"eduaubdedubufeduaubcedubfubf",2
"energy",2
"ericdickerson",2
"ers",2
"event",2
"everett",2
"everyone",2
"fame",2
"far",2
"feel",2
"finsup√¢",2
"firefisher",2
"four",2
"frednbcla",2
"generalmp",2
"gets",2
"give",2
"gmfb",2
"goffera",2
"gonna",2
"goodell",2
"gotta",2
"heard",2
"high",2
"highly",2
"hip",2
"historical",2
"holt",2
"honor",2
"hoping",2
"httpstcobdieyeqx",2
"httpstcobm√¢‚Ç¨",2
"httpstcobnkfuladt",2
"httpstcobyakdqg",2
"httpstcodncwzddtln",2
"httpstcofdlcmezs",2
"httpstcofxskeduph",2
"httpstcoglnuuyyin",2
"httpstcogxsccqvxd",2
"httpstcohjfezce",2
"httpstcojtfpgqu",2
"httpstcoltuzcqbck",2
"httpstcolznsiwlenmobsquad",2
"httpstcomdbvkitt",2
"httpstcomdbvkiur",2
"httpstcomygzfjswa",2
"httpstconnbxkaha",2
"httpstcooqpwdosblo",2
"httpstcopjwchkqy",2
"httpstcorelcdpyaoi",2
"httpstcoshjdtfrb",2
"httpstcotidcnktgt",2
"httpstcozeuupgius",2
"httpstcozudxt√¢‚Ç¨",2
"icyminnandymc",2
"ill",2
"inject",2
"injury",2
"ipead",2
"jay",2
"jetup",2
"jhwreporter",2
"katc",2
"kdemoff",2
"keith",2
"kennybritt",2
"kurt",2
"lacoliseum",2
"lafamilia",2
"landry",2
"laramslife",2
"lavsmia",2
"lieutenanteric",2
"limitedjarvis",2
"looking",2
"lose",2
"lost",2
"lowetide",2
"madden",2
"market",2
"math",2
"mayorbutts",2
"mia",2
"miamiherald",2
"mike",2
"mobsquadnhttpst√¢‚Ç¨",2
"mrcontroversy",2
"mtcwithmook",2
"nation",2
"nh√¢‚Ç¨",2
"nigga",2
"nlb",2
"nnhttpstcoiwyjrhyfz",2
"nonepridenchargers",2
"norv",2
"nov",2
"nutsandboltssp",2
"nwhat",2
"offense",2
"open",2
"party",2
"phins",2
"photos",2
"pouncey",2
"power",2
"preseason",2
"rankings",2
"reacts",2
"realfootballtv",2
"realize",2
"reinjured",2
"remainder",2
"renfl",2
"retweet",2
"revisnnadvantage",2
"ringchasin",2
"rodger",2
"roll",2
"rookiepremiere",2
"rudedogreyes",2
"saturdays",2
"scouting",2
"seeing",2
"sees",2
"shovel",2
"skol",2
"socalramsbc",2
"socalramsboosterclub",2
"soon",2
"starts",2
"stay",2
"streaking",2
"strong",2
"struggle",2
"sure",2
"take",2
"talking",2
"tgengland√¢‚Ç¨",2
"thebiglead",2
"theramsfangirl",2
"tho",2
"thursday",2
"tomorrow",2
"trade",2
"tragic",2
"trust",2
"trying",2
"tsndowns",2
"tsnradio",2
"turner",2
"twitter",2
"uconnnndawgpoundnmobsquad",2
"ueduaubdedubu",2
"updates",2
"upncomingfb",2
"vincent",2
"w√¢‚Ç¨",2
"wall",2
"wastheyearthatifinally",2
"writes",2
"writing",2
"years",2
"√¢‚Ç¨‚Äù",1
"aarondonald",1
"able",1
"addresses",1
"agnb",1
"air",1
"alaboutsports",1
"alexalarcon",1
"alleduaubcedubeubeduaubcedubeub",1
"also",1
"anxious",1
"around",1
"atl",1
"atmosphere",1
"august",1
"autocorrects",1
"autographs",1
"ayyye",1
"bangthebook",1
"bears",1
"beast",1
"beat",1
"beats",1
"beauty",1
"beginning",1
"believe",1
"believeingoffgorams",1
"believeingurley",1
"benched",1
"benefit",1
"benmaller",1
"beredseered",1
"beredseered√¢‚Ç¨",1
"bestnflpolls",1
"bill",1
"bills",1
"birds",1
"bit",1
"bless",1
"blessed",1
"blew",1
"blow",1
"bnb",1
"bold",1
"bought",1
"bowl",1
"box",1
"brady",1
"breaks",1
"brees",1
"bring",1
"bringing",1
"britney",1
"broke",1
"broken",1
"brown",1
"buccaneers",1
"buckybrooks",1
"bundle",1
"bust",1
"butts",1
"buy",1
"cakes",1
"calfamily",1
"calfootball",1
"california",1
"calls",1
"camp",1
"can√¢‚Ç¨‚Ñ¢t",1
"canonusapro√¢‚Ç¨",1
"card",1
"cause",1
"cedarsmobsquad",1
"celebrate",1
"celebration",1
"centre",1
"champions",1
"champs",1
"changes",1
"chargers",1
"chart",1
"chemistry",1
"chiefs",1
"childhood",1
"city",1
"claim",1
"class",1
"climb",1
"coin",1
"collect",1
"colliding",1
"comeeduaubcedubeubeduaubcedubeubneduaubcedubeubeduaubcedubeub",1
"comejaredgoff",1
"commissioner",1
"community",1
"contact",1
"contactnelliott",1
"correctly",1
"count",1
"cowboys",1
"crash",1
"crt",1
"damn",1
"daniklup",1
"datdudebw",1
"dawg",1
"days",1
"deadlast",1
"dedicated",1
"defends",1
"deiningerrob",1
"depth",1
"desperately",1
"destroys",1
"dickerson",1
"didnt",1
"difficult",1
"discharged",1
"discusses",1
"district",1
"djackman",1
"dmarcofarr",1
"doesn√¢‚Ç¨‚Ñ¢t",1
"dome",1
"dominance",1
"donald",1
"doubleheader",1
"downeys",1
"dozen",1
"drain",1
"dream",1
"earlier",1
"ease",1
"easy",1
"eduaubcedubfu",1
"eduaubcedubfuas",1
"eduaubcedubfueduaubdedubua",1
"eduaubcedubfueduaubdedubueduaubdedubueduaubdedubublos",1
"eduaubcedubfugoff",1
"eduaubcedubfujeff",1
"eduaubcedubfurams",1
"eduaubdedubuaand",1
"eduaubdedubuaeduaubcedubfubdeduaubdedubuaeduaubcedubfubdmobsquad",1
"eduaubdedubuaeduaubdedubuaeduaubdedubua",1
"eduaubdedubub√¢‚Ç¨",1
"eduaubdedubuceduaubcedubfubc",1
"eduaubdedubuceduaubcedubfube",1
"eduaubdedubudeduaubcedubfubc",1
"eduaubdedubueduaubdedubueduaubdedubu",1
"eduaubdedubueduaubdedubueduaubdedububeduaubcedubfu",1
"eduaubdedubueeduaubdedubu",1
"eduaubdedubufeduaubdedubua",1
"eduaubeedubueduaubeedubueduaubeedubu",1
"effort",1
"eleven",1
"else",1
"ending",1
"enough",1
"entertainment",1
"eric",1
"espnlosangeles",1
"etc",1
"everything",1
"excellent",1
"excitedmobsquad",1
"exnfl",1
"exrams",1
"f√¢‚Ç¨",1
"facilitynlarams",1
"fact",1
"fall",1
"fan",1
"fansa",1
"fear",1
"fi√¢‚Ç¨",1
"filled",1
"finalists",1
"finallllly",1
"firechrischase",1
"fischer",1
"fit",1
"fitting",1
"five",1
"flyeaglesfly",1
"footba√¢‚Ç¨",1
"forget",1
"forward",1
"found",1
"foxsports",1
"francoeltanko",1
"free",1
"freejaredgoff",1
"freshman",1
"funk",1
"future√¢‚Ç¨",1
"gameplan",1
"gentleman",1
"giving",1
"glad",1
"glassfromthesky",1
"goff√¢‚Ç¨‚Ñ¢s",1
"goffmeisteris",1
"goffor",1
"goffsteam",1
"goffstime",1
"gofftime",1
"gold",1
"golden",1
"goooooo",1
"gorams√¢‚Ç¨",1
"grandstands",1
"greatest",1
"greatestshowonturf",1
"h√¢‚Ç¨",1
"haha",1
"happen",1
"happens",1
"hekkerhotseat",1
"held",1
"helmet",1
"here√¢‚Ç¨",1
"heres",1
"hey",1
"himtds",1
"himthe",1
"hof",1
"hold",1
"hopeyness",1
"horrible",1
"hot",1
"httpstc√¢‚Ç¨",1
"httpstcoaadinay",1
"httpstcoaakyibolt",1
"httpstcoaibqnhsqra",1
"httpstcoajiehduqg",1
"httpstcoakpcqlq",1
"httpstcoanumbmnkoz",1
"httpstcoapmiffqw",1
"httpstcoarhnvahrq",1
"httpstcoauemfoed",1
"httpstcoaynvlo",1
"httpstcobccoqfi",1
"httpstcobdieywrsx",1
"httpstcobfukcmokp",1
"httpstcobkbhfwwlh",1
"httpstcobllaafxt",1
"httpstcobmmqkxbd",1
"httpstcobmzafnavj",1
"httpstcobwbjsdat",1
"httpstcobyatz",1
"httpstcobyfbuvivmt",1
"httpstcobzxqpqgrlf",1
"httpstcocelhllrn",1
"httpstcocgnfabyhni",1
"httpstcocgzbei",1
"httpstcocjrhnkeu",1
"httpstcocnjmda",1
"httpstcocojecoxkt",1
"httpstcocrtecfeuvr",1
"httpstcocrzrmlxg",1
"httpstcocsaixpxts",1
"httpstcocsguimbkt",1
"httpstcodcqjgriryk",1
"httpstcodcrvvteft",1
"httpstcodfmejctreo",1
"httpstcodfskickyv",1
"httpstcodgxocaptdnmobsquad",1
"httpstcodmvgwuone",1
"httpstcodntbim",1
"httpstcodoshijmh",1
"httpstcodqlldwos",1
"httpstcodrdtsjav",1
"httpstcoduzjgjmq",1
"httpstcoebajdzcf",1
"httpstcoeclmkvngwl",1
"httpstcoefspknlzn",1
"httpstcoekcwwqc",1
"httpstcoeltqyq",1
"httpstcoeonfirqym",1
"httpstcoerfzzcsc",1
"httpstcoetfipbgtv",1
"httpstcoexipamkbkynmobsquad",1
"httpstcoexwfynho",1
"httpstcofkdzjcjre",1
"httpstcoflhrj",1
"httpstcoflkxchbv",1
"httpstcofslbttk",1
"httpstcofuoffzldb",1
"httpstcofvkcihrnf",1
"httpstcoghredyvo",1
"httpstcogiekrjwo",1
"httpstcogkcijshrpg",1
"httpstcognzvzpjvuc",1
"httpstcogsslwtc",1
"httpstcogtwibzkqc√¢‚Ç¨",1
"httpstcogutotim",1
"httpstcohczsumpn",1
"httpstcohzwosgek",1
"httpstcoicupbrxn",1
"httpstcoieqjykawhw",1
"httpstcoiihnwxkui",1
"httpstcoinczqhlpvn",1
"httpstcoipcpqcvyj",1
"httpstcoiusndsqx",1
"httpstcoivlcaxly",1
"httpstcoiyvphi",1
"httpstcoizqnabqyg",1
"httpstcoiztdoifolf",1
"httpstcoizwsmbe",1
"httpstcojblupicnpa",1
"httpstcojdvyvbzg",1
"httpstcojfcpfizsy",1
"httpstcojxkyawos",1
"httpstcojykyxdykb",1
"httpstcokbgbdzdebn",1
"httpstcokdeuuqz",1
"httpstcokjrpeedmuv",1
"httpstcoknuxpaxlij",1
"httpstcokprbuvq√¢‚Ç¨",1
"httpstcokujtrkm√¢‚Ç¨",1
"httpstcokupgqvn",1
"httpstcokzswqxav",1
"httpstcolahxpz",1
"httpstcoljkacxhxs",1
"httpstcollcfqtycnt",1
"httpstcolpqonina",1
"httpstcolrbflwcow",1
"httpstcolusavaedu",1
"httpstcolwajprop",1
"httpstcolzpuyphx",1
"httpstcomhljqspl",1
"httpstcomsckithzj",1
"httpstcomzzjzfzp",1
"httpstconayinfrauk",1
"httpstcondiqko",1
"httpstcondmtgtvk",1
"httpstconfqpoogtjm",1
"httpstcongqlpcanf",1
"httpstconixacyzr",1
"httpstconiyuegyclo",1
"httpstconkcenrkwwq",1
"httpstconkipihzsc",1
"httpstconlkthvhl",1
"httpstconnkxovlatu",1
"httpstconnqplsx",1
"httpstcontlnr√¢‚Ç¨",1
"httpstcontlnrgfhoe",1
"httpstconuijzlvyq",1
"httpstconzdnzgec",1
"httpstcoocijmyemw",1
"httpstcoodexokvka",1
"httpstcoodfeffohen",1
"httpstcoosocfvfsm",1
"httpstcoosorylqxi",1
"httpstcootzkrgoj",1
"httpstcooumsvdqhe",1
"httpstcopapceutdpb",1
"httpstcoplabcor",1
"httpstcoppkfuxljjjnmobsquad",1
"httpstcopsqwfth",1
"httpstcopvdmddcd",1
"httpstcopxkejndqal",1
"httpstcopzbmweiqe",1
"httpstcoqcc√¢‚Ç¨",1
"httpstcoqccemqjwe",1
"httpstcoqcqqwzzyt",1
"httpstcoqfnusug",1
"httpstcoqhpulesqpm",1
"httpstcoqtqhqcl",1
"httpstcoqulimgmodt",1
"httpstcoregpltknq",1
"httpstcorghash",1
"httpstcoriiqqem",1
"httpstcorinftdepb",1
"httpstcorkqocjf",1
"httpstcormbabeyemz",1
"httpstcornilzkvs",1
"httpstcornoqggpl",1
"httpstcornpppegzj",1
"httpstcorp√¢‚Ç¨",1
"httpstcorpwxpvsi",1
"httpstcorpzhzluttq",1
"httpstcospykeizdy",1
"httpstcostntjylclv",1
"httpstcostvxcwf",1
"httpstcosvofgdslr",1
"httpstcosxtoii",1
"httpstcotahczvmgw",1
"httpstcotbgeisqvsd",1
"httpstcotbxicuwzil",1
"httpstcotptxqp",1
"httpstcotqgukwvegf",1
"httpstcoubtoxwdih",1
"httpstcouejkxxufaa",1
"httpstcoufjximkdw",1
"httpstcoumwxkmbat",1
"httpstcoupqaabpxy",1
"httpstcourmckuodje",1
"httpstcouroefclqj",1
"httpstcousvqldnzz",1
"httpstcouxhxhakl",1
"httpstcovdbmtqjs",1
"httpstcovkmagia",1
"httpstcovmozrjyd",1
"httpstcovpkzedbdt",1
"httpstcovrlpsvfrln",1
"httpstcovsdasuvhpx",1
"httpstcovsdyuathah",1
"httpstcovyultulee",1
"httpstcowalfnjsyn",1
"httpstcowcrkljowi",1
"httpstcowdenrqsasv",1
"httpstcowdwgiwq",1
"httpstcowhtpyudqet",1
"httpstcowjvmmyzyni",1
"httpstcowltjnkur",1
"httpstcowtuvgmse",1
"httpstcoxayecpcj",1
"httpstcoxcbwkxgj",1
"httpstcoxenxzxka",1
"httpstcoxjdidde",1
"httpstcoxjmsmvuhah",1
"httpstcoxkflsjrz",1
"httpstcoxqvcn",1
"httpstcoxrkelxtfe",1
"httpstcoxtcbe",1
"httpstcoxtjkeilv",1
"httpstcoxwwqfgvfm",1
"httpstcoxzamnzi",1
"httpstcoyaswjqyy",1
"httpstcoybmtxoyfdw",1
"httpstcoycilrufi",1
"httpstcoyhdkrwthh",1
"httpstcoykrpodkpz",1
"httpstcoylrpycvg",1
"httpstcoywqanpov",1
"httpstcoyzqcaiwbh",1
"httpstcozcormpjn",1
"httpstcozhlhjpadt",1
"httpstcozixegyanl",1
"httpstcoznjxludjd",1
"httpstcoznzmvvk",1
"httpstcozsyzoqlwzt",1
"httpstcozudxtoyv",1
"httpstcozxnmy",1
"httpstcozyqwzgze",1
"httpstcozzpymxfitb",1
"hype",1
"icky",1
"idea",1
"ikeswagginu",1
"immaculate",1
"insight",1
"instead",1
"intense",1
"interesting",1
"interview",1
"irvine",1
"isaac",1
"isnt",1
"it√¢‚Ç¨‚Ñ¢s",1
"itngoffgetthemjared",1
"itunes",1
"ivanjkwan",1
"jac√¢‚Ç¨",1
"jackie",1
"jacobnevins",1
"jamon",1
"jasonbaumpr",1
"jerseys",1
"jittery",1
"jlaurinaitis",1
"joe",1
"join",1
"jonesdrew",1
"joyner",1
"keenumgoff",1
"kevinkoskiphoto",1
"kick",1
"kid",1
"konw",1
"la√¢‚Ç¨",1
"lafan",1
"lakeshow",1
"lamarcus",1
"laramsservices",1
"late",1
"leaving",1
"lemirejoe",1
"lessneadhair",1
"letsramit",1
"life",1
"lilslippers",1
"lions",1
"listening",1
"little",1
"livingnnmobsquad",1
"losangelesrams",1
"loud",1
"ltgsports",1
"lukeosterlof",1
"lynn",1
"machine",1
"maddenpfl",1
"makes",1
"marcossacal",1
"marcus",1
"mariota",1
"mark",1
"mase",1
"may",1
"mayor",1
"meant",1
"media",1
"meet",1
"mention",1
"miaminnits",1
"miavslanhttpstcocrklrxcj",1
"miavslanhttpstcoulcownwy√¢‚Ç¨",1
"michaelbrockers",1
"michaelinla",1
"milesteller",1
"minormajor",1
"miss",1
"missouri",1
"mister",1
"mizzou",1
"mobsquad√¢",1
"mobsquadnhttpstcoebtbyxhc",1
"mobsquadnhttpstcoekkyqgcn",1
"mobsquadnhttpstcogiekrjwo",1
"mobsquadnhttpstcogweizb",1
"mock",1
"moldy",1
"momentum",1
"monday",1
"morennlisten√¢‚Ç¨",1
"mortreport",1
"must",1
"n√¢‚Ç¨",1
"nba",1
"neduaubcedubeubeduaubcedubeub",1
"needed",1
"needs",1
"never",1
"newera",1
"nextnhttpstcovwgqiplsf",1
"nf√¢‚Ç¨",1
"nflnow",1
"nfltotalaccess",1
"nfluk",1
"ngorams",1
"nhttpstcobqppbabr",1
"nhttpstcoeinncdx",1
"nhttpstcoepqvkwu",1
"nhttpstcoiquaxujv",1
"nhttpstcoirvvnvm",1
"nhttpstcokmmnjqsf",1
"nhttpstcomenyxy",1
"nhttpstcomlslejvohnnramsnfl",1
"nhttpstcommndozpghr",1
"nhttpstcotdkcmwkjy√¢‚Ç¨",1
"nhttpstcoxacdeq",1
"nhttpstcoywqanea",1
"nice",1
"night",1
"nikonoelsanche",1
"nit",1
"njaredgoff",1
"nkearns",1
"nlbrams",1
"nndallascowboys",1
"nnyes",1
"none",1
"noplanb",1
"notmycoach",1
"nowneed",1
"nownnfl",1
"nrams",1
"nrts",1
"ntgii",1
"nthank",1
"number",1
"numbers",1
"nyjets",1
"olinemen",1
"omg",1
"oregonpitcrew",1
"others",1
"outfielder",1
"page",1
"painfieldofdreams",1
"panthers",1
"papa",1
"passing",1
"patriots",1
"peads",1
"per",1
"person",1
"pffnngurley",1
"phone",1
"photo",1
"pic",1
"picks",1
"picture",1
"plated",1
"playoffs",1
"plus",1
"po√¢‚Ç¨",1
"podcast",1
"points",1
"pr√¢‚Ç¨",1
"pray",1
"praying",1
"predicting",1
"prediction",1
"prices",1
"pride",1
"pro",1
"probowlvote",1
"profootballtalk",1
"props",1
"protesting",1
"prove",1
"provide",1
"pulling",1
"punters",1
"question",1
"quotes",1
"r√¢‚Ç¨",1
"ra√¢‚Ç¨",1
"radio",1
"raging",1
"raiders",1
"ramirez",1
"rams√¢‚Ç¨",1
"ramsd",1
"ramsfuture",1
"ramslalife",1
"ramsnation√¢‚Ç¨",1
"ramsnhttpstcotxqtvmylaz",1
"ramsrbacknla",1
"ran",1
"rancid",1
"ratings",1
"ready√¢‚Ç¨",1
"real",1
"realjefffisher",1
"reasons",1
"remember",1
"resetnas",1
"respect",1
"return",1
"rising",1
"rock",1
"rollonyoubears",1
"rooting",1
"round",1
"rumors",1
"ryan",1
"ryangosling",1
"sackcity",1
"sacrificed",1
"save",1
"savior",1
"saw",1
"sbpi",1
"schedule",1
"scheduled",1
"seahawks",1
"seanmcentee",1
"secondary",1
"seen",1
"selling",1
"semi",1
"semifinalists",1
"serious",1
"session",1
"seven",1
"share",1
"shout",1
"sign",1
"silverfox",1
"simmons",1
"sky",1
"slater",1
"smoke",1
"snot",1
"socalsportsyou",1
"soowassupp",1
"sophieluoto",1
"sorry",1
"source",1
"southern",1
"spark",1
"spears",1
"sportcourtsocal",1
"sports",1
"spot",1
"spotrams",1
"stadium√¢‚Ç¨",1
"stake",1
"staples",1
"startthegoffera",1
"stephendouglas",1
"sticky",1
"still",1
"stlvssf",1
"stop",1
"store",1
"story",1
"stretch",1
"strugglingnrams",1
"success",1
"summer",1
"sundayngoffgetthemjared",1
"sundays",1
"superbowl",1
"surprised",1
"swann",1
"sweepstakes",1
"taking",1
"talks",1
"tanehill",1
"tann√¢‚Ç¨",1
"tease",1
"tell",1
"tgengland",1
"th√¢‚Ç¨",1
"thachamp",1
"thankscase",1
"thechrismyers",1
"theforceawakensnhttpstcotyfdawrpo√¢‚Ç¨",1
"theforceawakensnhttpstcozlhupqozyq",1
"themmqb",1
"threat",1
"throwback√¢‚Ç¨",1
"ticketmaster",1
"ticketnbut",1
"til",1
"till",1
"titans",1
"titanup",1
"tix√¢‚Ç¨",1
"todayas",1
"todaynas",1
"todaynjeff",1
"todaynnlarams",1
"todaynrams",1
"top",1
"torrey",1
"touchdown",1
"training",1
"trend",1
"turf",1
"turn",1
"turning",1
"turns",1
"tweets",1
"ucberkeley",1
"university",1
"unlikely",1
"up√¢‚Ç¨",1
"updatenhttpstcoqrwuoutnherewegonjaguarsnjaguarstodayncoltsncoltsnationnfortheshoenramsnramstvnmobsquad",1
"upset",1
"uscathletics",1
"uufef",1
"version",1
"victory",1
"vine",1
"vocativ",1
"wade",1
"waitnmobsquad",1
"walk",1
"want",1
"wars",1
"wasnt",1
"weare",1
"weekend",1
"weeknnpaniniamerica",1
"weinke",1
"weinkes",1
"welcome",1
"welovela",1
"whoa",1
"whoops",1
"wicked",1
"wild",1
"winners",1
"winning",1
"wordmotivationalspeech",1
"worlds",1
"worse",1
"wrote",1
"wyche",1
"wyche√¢‚Ç¨",1
"yeeeaahhh",1
"yesssssss",1
"zororivera",1
